<?xml version="1.0" encoding="UTF-8"?><ValueSet xmlns="http://hl7.org/fhir"><id value="sbc-benefit-category"/><text><status value="generated"/><div xmlns="http://www.w3.org/1999/xhtml"><p class="res-header-id"><b>Generated Narrative: ValueSet sbc-benefit-category</b></p><a name="sbc-benefit-category"> </a><a name="hcsbc-benefit-category"> </a><ul><li>Include all codes defined in <a href="CodeSystem-sbc-benefit-category.html"><code>http://flexpa.com/fhir/sbc/CodeSystem/sbc-benefit-category</code></a><span title="Version is not explicitly stated, which means it is fixed to the version provided in this specification"> version 📦0.1.0</span></li></ul></div></text><url value="http://flexpa.com/fhir/sbc/ValueSet/sbc-benefit-category"/><version value="0.1.0"/><name value="SBCBenefitCategoryVS"/><title value="SBC Benefit Category Value Set"/><status value="draft"/><experimental value="false"/><date value="2026-02-16T20:07:33+00:00"/><publisher value="SBC FHIR Project"/><contact><name value="SBC FHIR Project"/><telecom><system value="url"/><value value="http://flexpa.com"/></telecom><telecom><system value="email"/><value value="contact@flexpa.com"/></telecom></contact><description value="Value set containing all 30 benefit service categories required in Summary of Benefits and Coverage (SBC) documents"/><jurisdiction><coding><system value="urn:iso:std:iso:3166"/><code value="US"/><display value="United States of America"/></coding></jurisdiction><compose><include><system value="http://flexpa.com/fhir/sbc/CodeSystem/sbc-benefit-category"/></include></compose></ValueSet>