URL,Version,Status,OIDs,Name,Title,Description,Used
http://flexpa.com/fhir/sbc/CodeSystem/sbc-benefit-category,0.1.0,draft,,SBCBenefitCategoryCS,SBC Benefit Category Code System,"Code system for the 30 benefit service rows required in Summary of Benefits and Coverage (SBC) documents per ACA Section 2715 regulations","ValueSet/sbc-benefit-category"
http://flexpa.com/fhir/sbc/CodeSystem/sbc-plan-type,0.1.0,draft,,SBCPlanTypeCS,SBC Plan Type Code System,"Code system for health insurance plan types displayed in Summary of Benefits and Coverage documents","ValueSet/sbc-plan-type"
http://hl7.org/fhir/publication-status,4.0.1,active,"2.16.840.1.113883.4.642.4.4",PublicationStatus,PublicationStatus,"The lifecycle status of an artifact.","ValueSet/publication-status"
http://terminology.hl7.org/CodeSystem/applicability,1.0.1,active,"2.16.840.1.113883.4.642.1.0",BenefitCostApplicability,Benefit cost applicability,"Whether the cost applies to in-network or out-of-network providers.","ValueSet/insuranceplan-applicability"
http://terminology.hl7.org/CodeSystem/contactentity-type,1.0.0,draft,"2.16.840.1.113883.4.642.1.1129",ContactEntityType,Contact entity type,"This example value set defines a set of codes that can be used to indicate the purpose for which you would contact a contact party.","ValueSet/contactentity-type"
http://terminology.hl7.org/CodeSystem/insurance-plan-type,2.0.1,active,"2.16.840.1.113883.4.642.1.1261",InsurancePlanType,Insurance plan type,"This example value set defines a set of codes that can be used to indicate a type of insurance plan.","ValueSet/insuranceplan-type"
