"Id","Path","Slice Name","Alias(s)","Label","Min","Max","Must Support?","Is Modifier?","Is Summary?","Type(s)","Short","Definition","Comments","Requirements","Default Value","Meaning When Missing","Fixed Value","Pattern","Example","Minimum Value","Maximum Value","Maximum Length","Binding Strength","Binding Description","Binding Value Set","Code","Slicing Discriminator","Slicing Description","Slicing Ordered","Slicing Rules","Base Path","Base Min","Base Max","Condition(s)","Constraint(s)","Mapping: FiveWs Pattern Mapping","Mapping: RIM Mapping"
"InsurancePlan","InsurancePlan","","","",0,*,"","","","null {[]} {[]}
","Details of a Health Insurance product/plan provided by an organization","Details of a Health Insurance product/plan provided by an organization.","","","","","","","","","",,,,,"",,,,"InsurancePlan",0,*,"","dom-2:If the resource is contained in another resource, it SHALL NOT contain nested Resources {contained.contained.empty()}
dom-3:If the resource is contained in another resource, it SHALL be referred to from elsewhere in the resource or SHALL refer to the containing resource {contained.where((('#'+id in (%resource.descendants().reference | %resource.descendants().as(canonical) | %resource.descendants().as(uri) | %resource.descendants().as(url))) or descendants().where(reference = '#').exists() or descendants().where(as(canonical) = '#').exists() or descendants().where(as(canonical) = '#').exists()).not()).trace('unmatched', id).empty()}dom-4:If a resource is contained in another resource, it SHALL NOT have a meta.versionId or a meta.lastUpdated {contained.meta.versionId.empty() and contained.meta.lastUpdated.empty()}dom-5:If a resource is contained in another resource, it SHALL NOT have a security label {contained.meta.security.empty()}dom-6:A resource should have narrative for robust management {text.`div`.exists()}ipn-1:The organization SHALL at least have a name or an idendtifier, and possibly more than one {(identifier.count() + name.count()) > 0}","Entity. Role, or Act"
"InsurancePlan.id","InsurancePlan.id","","","",0,1,"","","Y","id {[]} {[]}
","Logical id of this artifact","The logical id of the resource, as used in the URL for the resource. Once assigned, this value never changes.","The only time that a resource does not have an id is when it is being submitted to the server using a create operation.","","","","","","","","",,,,,"",,,,"Resource.id",0,1,"",""
"InsurancePlan.meta","InsurancePlan.meta","","","",0,1,"","","Y","Meta {[]} {[]}
","Metadata about the resource","The metadata about the resource. This is content that is maintained by the infrastructure. Changes to the content might not always be associated with version changes to the resource.","","","","","","","","","",,,,,"",,,,"Resource.meta",0,1,"","ele-1:All FHIR elements must have a @value or children {hasValue() or (children().count() > id.count())}
"
"InsurancePlan.implicitRules","InsurancePlan.implicitRules","","","",0,1,"","Y","Y","uri {[]} {[]}
","A set of rules under which this content was created","A reference to a set of rules that were followed when the resource was constructed, and which must be understood when processing the content. Often, this is a reference to an implementation guide that defines the special rules along with other profiles etc.","Asserting this rule set restricts the content to be only understood by a limited set of trading partners. This inherently limits the usefulness of the data in the long term. However, the existing health eco-system is highly fractured, and not yet ready to define, collect, and exchange data in a generally computable sense. Wherever possible, implementers and/or specification writers should avoid using this element. Often, when used, the URL is a reference to an implementation guide that defines these special rules as part of it's narrative along with other profiles, value sets, etc.","","","","","","","","",,,,,"",,,,"Resource.implicitRules",0,1,"","ele-1:All FHIR elements must have a @value or children {hasValue() or (children().count() > id.count())}
"
"InsurancePlan.language","InsurancePlan.language","","","",0,1,"","","","code {[]} {[]}
","Language of the resource content","The base language in which the resource is written.","Language is provided to support indexing and accessibility (typically, services such as text to speech use the language tag). The html language tag in the narrative applies  to the narrative. The language tag on the resource may be used to specify the language of other presentations generated from the data in the resource. Not all the content has to be in the base language. The Resource.language should not be assumed to apply to the narrative automatically. If a language is specified, it should it also be specified on the div element in the html (see rules in HTML5 for information about the relationship between xml:lang and the html lang attribute).","","","","","","","","",,"preferred","A human language.","http://hl7.org/fhir/ValueSet/languages|4.0.1","",,,,"Resource.language",0,1,"","ele-1:All FHIR elements must have a @value or children {hasValue() or (children().count() > id.count())}
"
"InsurancePlan.text","InsurancePlan.text","","narrative
htmlxhtmldisplay","",0,1,"","","","Narrative {[]} {[]}
","Text summary of the resource, for human interpretation","A human-readable narrative that contains a summary of the resource and can be used to represent the content of the resource to a human. The narrative need not encode all the structured data, but is required to contain sufficient detail to make it ""clinically safe"" for a human to just read the narrative. Resource definitions may define what content should be represented in the narrative to ensure clinical safety.","Contained resources do not have narrative. Resources that are not contained SHOULD have a narrative. In some cases, a resource may only have text with little or no additional discrete data (as long as all minOccurs=1 elements are satisfied).  This may be necessary for data from legacy systems where information is captured as a ""text blob"" or where text is additionally entered raw or narrated and encoded information is added later.","","","","","","","","",,,,,"",,,,"DomainResource.text",0,1,"","ele-1:All FHIR elements must have a @value or children {hasValue() or (children().count() > id.count())}
","Act.text?"
"InsurancePlan.contained","InsurancePlan.contained","","inline resources
anonymous resourcescontained resources","",0,*,"","","","Resource {[]} {[]}
","Contained, inline Resources","These resources do not have an independent existence apart from the resource that contains them - they cannot be identified independently, and nor can they have their own independent transaction scope.","This should never be done when the content can be identified properly, as once identification is lost, it is extremely difficult (and context dependent) to restore it again. Contained resources may have profiles and tags In their meta elements, but SHALL NOT have security labels.","","","","","","","","",,,,,"",,,,"DomainResource.contained",0,*,"","","N/A"
"InsurancePlan.extension","InsurancePlan.extension","","","",0,*,"","","","Extension {[]} {[]}
","Extension","An Extension","","","","","","","","","",,,,,"","value:url}
","",,"open","DomainResource.extension",0,*,"","ele-1:All FHIR elements must have a @value or children {hasValue() or (children().count() > id.count())}
ext-1:Must have either extensions or value[x], not both {extension.exists() != value.exists()}"
"InsurancePlan.extension:sbcMetadata","InsurancePlan.extension","sbcMetadata","","",0,1,"Y","","","Extension {[CanonicalType[http://flexpa.com/fhir/sbc/StructureDefinition/sbc-metadata]]} {[]}
","SBC regulatory metadata","Contains minimum essential coverage indicator, minimum value indicator, abortion coverage disclosure, and SBC version date","","","","","","","","","",,,,,"",,,,"DomainResource.extension",0,*,"ele-1
","ele-1:All FHIR elements must have a @value or children {hasValue() or (children().count() > id.count())}
ext-1:Must have either extensions or value[x], not both {extension.exists() != value.exists()}"
"InsurancePlan.extension:excludedServices","InsurancePlan.extension","excludedServices","","",0,1,"Y","","","Extension {[CanonicalType[http://flexpa.com/fhir/sbc/StructureDefinition/excluded-services]]} {[]}
","Excluded services list","Services that are NOT covered by this plan, as displayed in the 'Excluded Services & Other Covered Services' section of the SBC","","","","","","","","","",,,,,"",,,,"DomainResource.extension",0,*,"ele-1
","ele-1:All FHIR elements must have a @value or children {hasValue() or (children().count() > id.count())}
ext-1:Must have either extensions or value[x], not both {extension.exists() != value.exists()}"
"InsurancePlan.modifierExtension","InsurancePlan.modifierExtension","","extensions
user content","",0,*,"","Y","","Extension {[]} {[]}
","Extensions that cannot be ignored","May be used to represent additional information that is not part of the basic definition of the resource and that modifies the understanding of the element that contains it and/or the understanding of the containing element's descendants. Usually modifier elements provide negation or qualification. To make the use of extensions safe and manageable, there is a strict set of governance applied to the definition and use of extensions. Though any implementer is allowed to define an extension, there is a set of requirements that SHALL be met as part of the definition of the extension. Applications processing a resource are required to check for modifier extensions.

Modifier extensions SHALL NOT change the meaning of any elements on Resource or DomainResource (including cannot change the meaning of modifierExtension itself).","There can be no stigma associated with the use of extensions by any application, project, or standard - regardless of the institution or jurisdiction that uses or defines the extensions.  The use of extensions is what allows the FHIR specification to retain a core level of simplicity for everyone.","Modifier extensions allow for extensions that *cannot* be safely ignored to be clearly distinguished from the vast majority of extensions which can be safely ignored.  This promotes interoperability by eliminating the need for implementers to prohibit the presence of extensions. For further information, see the [definition of modifier extensions](http://hl7.org/fhir/R4/extensibility.html#modifierExtension).","","","","","","","",,,,,"",,,,"DomainResource.modifierExtension",0,*,"","ele-1:All FHIR elements must have a @value or children {hasValue() or (children().count() > id.count())}
ext-1:Must have either extensions or value[x], not both {extension.exists() != value.exists()}","N/A"
"InsurancePlan.identifier","InsurancePlan.identifier","","","",0,*,"Y","","Y","Identifier {[]} {[]}
","Business identifier for the insurance plan (e.g., HIOS ID)","Unique identifier for the plan, such as the 14-16 character HIOS ID (5-digit Issuer ID + 2-character State Abbreviation + 3-digit Product Iteration + 4-digit Plan Iteration + optional 2-digit Variant)","","","","","","","","","",,,,,"",,,,"InsurancePlan.identifier",0,*,"ipn-1
","ele-1:All FHIR elements must have a @value or children {hasValue() or (children().count() > id.count())}
","FiveWs.identifier",".scopes[Role](classCode=IDENT)"
"InsurancePlan.status","InsurancePlan.status","","","",1,1,"Y","Y","Y","code {[]} {[]}
","draft | active | retired | unknown","The current state of the health insurance product.","","Need a flag to indicate a record is no longer to be used and should generally be hidden for the user in the UI.","","Default interpretation is active.","<valueCode xmlns=""http://hl7.org/fhir"" value=""active""/>","","","","",,"required","The lifecycle status of an artifact.","http://hl7.org/fhir/ValueSet/publication-status|4.0.1","",,,,"InsurancePlan.status",0,1,"","ele-1:All FHIR elements must have a @value or children {hasValue() or (children().count() > id.count())}
","FiveWs.status",".status"
"InsurancePlan.type","InsurancePlan.type","","","",0,*,"","","Y","CodeableConcept {[]} {[]}
","Kind of product","The kind of health insurance product.","","","","","","","","","",,"example","Used to categorize the product/plan.","http://hl7.org/fhir/ValueSet/insuranceplan-type|4.0.1","",,,,"InsurancePlan.type",0,*,"","ele-1:All FHIR elements must have a @value or children {hasValue() or (children().count() > id.count())}
","FiveWs.class",".code"
"InsurancePlan.name","InsurancePlan.name","","","",1,1,"Y","","Y","string {[]} {[]}
","Plan name as displayed on SBC","The official name of the health insurance plan as it appears in the SBC header","If the name of the product/plan changes, consider putting the old name in the alias column so that it can still be located through searches.","","","","","","","","",,,,,"",,,,"InsurancePlan.name",0,1,"ipn-1
","ele-1:All FHIR elements must have a @value or children {hasValue() or (children().count() > id.count())}
",".name"
"InsurancePlan.alias","InsurancePlan.alias","","","",0,*,"","","","string {[]} {[]}
","Alternate names","A list of alternate names that the product is known as, or was known as in the past.","There are no dates associated with the alias/historic names, as this is not intended to track when names were used, but to assist in searching so that older names can still result in identifying the product/plan.","Over time products/plans go through many changes and can be known by different names.

For searching knowing previous names that the product/plan was known by can be very useful.","","","","","","","",,,,,"",,,,"InsurancePlan.alias",0,*,"","ele-1:All FHIR elements must have a @value or children {hasValue() or (children().count() > id.count())}
",".name"
"InsurancePlan.period","InsurancePlan.period","","","",1,1,"Y","","","Period {[]} {[]}
","Coverage period","The time period during which this plan is or was available. Maps to the Coverage Period displayed in the SBC header","","","","","","","","","",,,,,"",,,,"InsurancePlan.period",0,1,"","ele-1:All FHIR elements must have a @value or children {hasValue() or (children().count() > id.count())}
"
"InsurancePlan.ownedBy","InsurancePlan.ownedBy","","Payer
","",1,1,"Y","","Y","Reference {[]} {[CanonicalType[http://hl7.org/fhir/StructureDefinition/Organization|4.0.1]]}
","Plan issuer organization","The health insurance issuer or employer that owns/offers this plan","","","","","","","","","",,,,,"",,,,"InsurancePlan.ownedBy",0,1,"","ele-1:All FHIR elements must have a @value or children {hasValue() or (children().count() > id.count())}
"
"InsurancePlan.administeredBy","InsurancePlan.administeredBy","","","",0,1,"Y","","Y","Reference {[]} {[CanonicalType[http://hl7.org/fhir/StructureDefinition/Organization|4.0.1]]}
","Plan administrator","An organization which administer other services such as underwriting, customer service and/or claims processing on behalf of the health insurance product owner.","","","","","","","","","",,,,,"",,,,"InsurancePlan.administeredBy",0,1,"","ele-1:All FHIR elements must have a @value or children {hasValue() or (children().count() > id.count())}
"
"InsurancePlan.coverageArea","InsurancePlan.coverageArea","","","",0,*,"","","Y","Reference {[]} {[CanonicalType[http://hl7.org/fhir/StructureDefinition/Location|4.0.1]]}
","Where product applies","The geographic region in which a health insurance product's benefits apply.","","","","","","","","","",,,,,"",,,,"InsurancePlan.coverageArea",0,*,"","ele-1:All FHIR elements must have a @value or children {hasValue() or (children().count() > id.count())}
"
"InsurancePlan.contact","InsurancePlan.contact","","","",1,*,"Y","","","BackboneElement {[]} {[]}
","Contact information for plan questions","Contact information including phone numbers, website addresses, and other contact methods required by SBC regulations for questions, provider lists, formulary, and uniform glossary access","Where multiple contacts for the same purpose are provided there is a standard extension that can be used to determine which one is the preferred contact to use.","Need to keep track of assigned contact points within bigger organization.","","","","","","","",,,,,"",,,,"InsurancePlan.contact",0,*,"","ele-1:All FHIR elements must have a @value or children {hasValue() or (children().count() > id.count())}
",".contactParty"
"InsurancePlan.contact.id","InsurancePlan.contact.id","","","",0,1,"","","","string {[]} {[]}
","Unique id for inter-element referencing","Unique id for the element within a resource (for internal references). This may be any string value that does not contain spaces.","","","","","","","","","",,,,,"",,,,"Element.id",0,1,"","","n/a"
"InsurancePlan.contact.extension","InsurancePlan.contact.extension","","extensions
user content","",0,*,"","","","Extension {[]} {[]}
","Additional content defined by implementations","May be used to represent additional information that is not part of the basic definition of the element. To make the use of extensions safe and manageable, there is a strict set of governance  applied to the definition and use of extensions. Though any implementer can define an extension, there is a set of requirements that SHALL be met as part of the definition of the extension.","There can be no stigma associated with the use of extensions by any application, project, or standard - regardless of the institution or jurisdiction that uses or defines the extensions.  The use of extensions is what allows the FHIR specification to retain a core level of simplicity for everyone.","","","","","","","","",,,,,"",,,,"Element.extension",0,*,"","ele-1:All FHIR elements must have a @value or children {hasValue() or (children().count() > id.count())}
ext-1:Must have either extensions or value[x], not both {extension.exists() != value.exists()}","n/a"
"InsurancePlan.contact.modifierExtension","InsurancePlan.contact.modifierExtension","","extensions
user contentmodifiers","",0,*,"","Y","Y","Extension {[]} {[]}
","Extensions that cannot be ignored even if unrecognized","May be used to represent additional information that is not part of the basic definition of the element and that modifies the understanding of the element in which it is contained and/or the understanding of the containing element's descendants. Usually modifier elements provide negation or qualification. To make the use of extensions safe and manageable, there is a strict set of governance applied to the definition and use of extensions. Though any implementer can define an extension, there is a set of requirements that SHALL be met as part of the definition of the extension. Applications processing a resource are required to check for modifier extensions.

Modifier extensions SHALL NOT change the meaning of any elements on Resource or DomainResource (including cannot change the meaning of modifierExtension itself).","There can be no stigma associated with the use of extensions by any application, project, or standard - regardless of the institution or jurisdiction that uses or defines the extensions.  The use of extensions is what allows the FHIR specification to retain a core level of simplicity for everyone.","Modifier extensions allow for extensions that *cannot* be safely ignored to be clearly distinguished from the vast majority of extensions which can be safely ignored.  This promotes interoperability by eliminating the need for implementers to prohibit the presence of extensions. For further information, see the [definition of modifier extensions](http://hl7.org/fhir/R4/extensibility.html#modifierExtension).","","","","","","","",,,,,"",,,,"BackboneElement.modifierExtension",0,*,"","ele-1:All FHIR elements must have a @value or children {hasValue() or (children().count() > id.count())}
ext-1:Must have either extensions or value[x], not both {extension.exists() != value.exists()}","N/A"
"InsurancePlan.contact.purpose","InsurancePlan.contact.purpose","","","",0,1,"","","","CodeableConcept {[]} {[]}
","The type of contact","Indicates a purpose for which the contact can be reached.","","Need to distinguish between multiple contact persons.","","","","","","","",,"extensible","The purpose for which you would contact a contact party.","http://hl7.org/fhir/ValueSet/contactentity-type|4.0.1","",,,,"InsurancePlan.contact.purpose",0,1,"","ele-1:All FHIR elements must have a @value or children {hasValue() or (children().count() > id.count())}
","./type"
"InsurancePlan.contact.name","InsurancePlan.contact.name","","","",0,1,"","","","HumanName {[]} {[]}
","A name associated with the contact","A name associated with the contact.","","Need to be able to track the person by name.","","","","","","","",,,,,"",,,,"InsurancePlan.contact.name",0,1,"","ele-1:All FHIR elements must have a @value or children {hasValue() or (children().count() > id.count())}
","./name"
"InsurancePlan.contact.telecom","InsurancePlan.contact.telecom","","","",0,*,"","","","ContactPoint {[]} {[]}
","Contact details (telephone, email, etc.)  for a contact","A contact detail (e.g. a telephone number or an email address) by which the party may be contacted.","","People have (primary) ways to contact them in some way such as phone, email.","","","","","","","",,,,,"",,,,"InsurancePlan.contact.telecom",0,*,"","ele-1:All FHIR elements must have a @value or children {hasValue() or (children().count() > id.count())}
","./telecom"
"InsurancePlan.contact.address","InsurancePlan.contact.address","","","",0,1,"","","","Address {[]} {[]}
","Visiting or postal addresses for the contact","Visiting or postal addresses for the contact.","","May need to keep track of a contact party's address for contacting, billing or reporting requirements.","","","","","","","",,,,,"",,,,"InsurancePlan.contact.address",0,1,"","ele-1:All FHIR elements must have a @value or children {hasValue() or (children().count() > id.count())}
","./addr"
"InsurancePlan.endpoint","InsurancePlan.endpoint","","","",0,*,"","","","Reference {[]} {[CanonicalType[http://hl7.org/fhir/StructureDefinition/Endpoint|4.0.1]]}
","Technical endpoint","The technical endpoints providing access to services operated for the health insurance product.","","Organizations have multiple systems that provide various services and need to be able to define the technical connection details for how to connect to them, and for what purpose.","","","","","","","",,,,,"",,,,"InsurancePlan.endpoint",0,*,"","ele-1:All FHIR elements must have a @value or children {hasValue() or (children().count() > id.count())}
","n/a"
"InsurancePlan.network","InsurancePlan.network","","","",0,*,"","","","Reference {[]} {[CanonicalType[http://hl7.org/fhir/StructureDefinition/Organization|4.0.1]]}
","What networks are Included","Reference to the network included in the health insurance product.","Networks are represented as a hierarchy of organization resources.","","","","","","","","",,,,,"",,,,"InsurancePlan.network",0,*,"","ele-1:All FHIR elements must have a @value or children {hasValue() or (children().count() > id.count())}
"
"InsurancePlan.coverage","InsurancePlan.coverage","","","",1,*,"Y","","","BackboneElement {[]} {[]}
","Benefit coverage details","Details of benefit coverage for different categories of services. Each coverage entry should represent one or more of the 30 required SBC benefit categories","","","","","","","","","",,,,,"",,,,"InsurancePlan.coverage",0,*,"","ele-1:All FHIR elements must have a @value or children {hasValue() or (children().count() > id.count())}
"
"InsurancePlan.coverage.id","InsurancePlan.coverage.id","","","",0,1,"","","","string {[]} {[]}
","Unique id for inter-element referencing","Unique id for the element within a resource (for internal references). This may be any string value that does not contain spaces.","","","","","","","","","",,,,,"",,,,"Element.id",0,1,"","","n/a"
"InsurancePlan.coverage.extension","InsurancePlan.coverage.extension","","extensions
user content","",0,*,"","","","Extension {[]} {[]}
","Additional content defined by implementations","May be used to represent additional information that is not part of the basic definition of the element. To make the use of extensions safe and manageable, there is a strict set of governance  applied to the definition and use of extensions. Though any implementer can define an extension, there is a set of requirements that SHALL be met as part of the definition of the extension.","There can be no stigma associated with the use of extensions by any application, project, or standard - regardless of the institution or jurisdiction that uses or defines the extensions.  The use of extensions is what allows the FHIR specification to retain a core level of simplicity for everyone.","","","","","","","","",,,,,"",,,,"Element.extension",0,*,"","ele-1:All FHIR elements must have a @value or children {hasValue() or (children().count() > id.count())}
ext-1:Must have either extensions or value[x], not both {extension.exists() != value.exists()}","n/a"
"InsurancePlan.coverage.modifierExtension","InsurancePlan.coverage.modifierExtension","","extensions
user contentmodifiers","",0,*,"","Y","Y","Extension {[]} {[]}
","Extensions that cannot be ignored even if unrecognized","May be used to represent additional information that is not part of the basic definition of the element and that modifies the understanding of the element in which it is contained and/or the understanding of the containing element's descendants. Usually modifier elements provide negation or qualification. To make the use of extensions safe and manageable, there is a strict set of governance applied to the definition and use of extensions. Though any implementer can define an extension, there is a set of requirements that SHALL be met as part of the definition of the extension. Applications processing a resource are required to check for modifier extensions.

Modifier extensions SHALL NOT change the meaning of any elements on Resource or DomainResource (including cannot change the meaning of modifierExtension itself).","There can be no stigma associated with the use of extensions by any application, project, or standard - regardless of the institution or jurisdiction that uses or defines the extensions.  The use of extensions is what allows the FHIR specification to retain a core level of simplicity for everyone.","Modifier extensions allow for extensions that *cannot* be safely ignored to be clearly distinguished from the vast majority of extensions which can be safely ignored.  This promotes interoperability by eliminating the need for implementers to prohibit the presence of extensions. For further information, see the [definition of modifier extensions](http://hl7.org/fhir/R4/extensibility.html#modifierExtension).","","","","","","","",,,,,"",,,,"BackboneElement.modifierExtension",0,*,"","ele-1:All FHIR elements must have a @value or children {hasValue() or (children().count() > id.count())}
ext-1:Must have either extensions or value[x], not both {extension.exists() != value.exists()}","N/A"
"InsurancePlan.coverage.type","InsurancePlan.coverage.type","","","",1,1,"Y","","","CodeableConcept {[]} {[]}
","Type of coverage (e.g., medical, pharmacy)","High-level categorization of coverage type. Use codes from an appropriate coverage type code system such as v3-ActCode (e.g., HIP for health insurance plan policy)","","","","","","","","","",,,,,"",,,,"InsurancePlan.coverage.type",1,1,"","ele-1:All FHIR elements must have a @value or children {hasValue() or (children().count() > id.count())}
"
"InsurancePlan.coverage.network","InsurancePlan.coverage.network","","","",0,*,"Y","","","Reference {[]} {[CanonicalType[http://hl7.org/fhir/StructureDefinition/Organization|4.0.1]]}
","Provider networks for this coverage","Reference to the network that providing the type of coverage.","Networks are represented as a hierarchy of organization resources.","","","","","","","","",,,,,"",,,,"InsurancePlan.coverage.network",0,*,"","ele-1:All FHIR elements must have a @value or children {hasValue() or (children().count() > id.count())}
"
"InsurancePlan.coverage.benefit","InsurancePlan.coverage.benefit","","","",1,*,"Y","","","BackboneElement {[]} {[]}
","Specific benefits covered","Individual benefit types within this coverage category, corresponding to the 30 SBC benefit categories","","","","","","","","","",,,,,"",,,,"InsurancePlan.coverage.benefit",1,*,"","ele-1:All FHIR elements must have a @value or children {hasValue() or (children().count() > id.count())}
"
"InsurancePlan.coverage.benefit.id","InsurancePlan.coverage.benefit.id","","","",0,1,"","","","string {[]} {[]}
","Unique id for inter-element referencing","Unique id for the element within a resource (for internal references). This may be any string value that does not contain spaces.","","","","","","","","","",,,,,"",,,,"Element.id",0,1,"","","n/a"
"InsurancePlan.coverage.benefit.extension","InsurancePlan.coverage.benefit.extension","","","",0,*,"","","","Extension {[]} {[]}
","Extension","An Extension","","","","","","","","","",,,,,"","value:url}
","",,"open","Element.extension",0,*,"","ele-1:All FHIR elements must have a @value or children {hasValue() or (children().count() > id.count())}
ext-1:Must have either extensions or value[x], not both {extension.exists() != value.exists()}"
"InsurancePlan.coverage.benefit.extension:limitation","InsurancePlan.coverage.benefit.extension","limitation","","",0,*,"Y","","","Extension {[CanonicalType[http://flexpa.com/fhir/sbc/StructureDefinition/benefit-limitation]]} {[]}
","Limitations and exceptions","Specific limitations, exceptions, or additional context for this benefit as displayed in the SBC","","","","","","","","","",,,,,"",,,,"Element.extension",0,*,"ele-1
","ele-1:All FHIR elements must have a @value or children {hasValue() or (children().count() > id.count())}
ext-1:Must have either extensions or value[x], not both {extension.exists() != value.exists()}"
"InsurancePlan.coverage.benefit.modifierExtension","InsurancePlan.coverage.benefit.modifierExtension","","extensions
user contentmodifiers","",0,*,"","Y","Y","Extension {[]} {[]}
","Extensions that cannot be ignored even if unrecognized","May be used to represent additional information that is not part of the basic definition of the element and that modifies the understanding of the element in which it is contained and/or the understanding of the containing element's descendants. Usually modifier elements provide negation or qualification. To make the use of extensions safe and manageable, there is a strict set of governance applied to the definition and use of extensions. Though any implementer can define an extension, there is a set of requirements that SHALL be met as part of the definition of the extension. Applications processing a resource are required to check for modifier extensions.

Modifier extensions SHALL NOT change the meaning of any elements on Resource or DomainResource (including cannot change the meaning of modifierExtension itself).","There can be no stigma associated with the use of extensions by any application, project, or standard - regardless of the institution or jurisdiction that uses or defines the extensions.  The use of extensions is what allows the FHIR specification to retain a core level of simplicity for everyone.","Modifier extensions allow for extensions that *cannot* be safely ignored to be clearly distinguished from the vast majority of extensions which can be safely ignored.  This promotes interoperability by eliminating the need for implementers to prohibit the presence of extensions. For further information, see the [definition of modifier extensions](http://hl7.org/fhir/R4/extensibility.html#modifierExtension).","","","","","","","",,,,,"",,,,"BackboneElement.modifierExtension",0,*,"","ele-1:All FHIR elements must have a @value or children {hasValue() or (children().count() > id.count())}
ext-1:Must have either extensions or value[x], not both {extension.exists() != value.exists()}","N/A"
"InsurancePlan.coverage.benefit.type","InsurancePlan.coverage.benefit.type","","","",1,1,"Y","","","CodeableConcept {[]} {[]}
","Benefit category code","The specific benefit category from the SBC's 30 required categories","","","","","","","","","",,"required","","http://flexpa.com/fhir/sbc/ValueSet/sbc-benefit-category","",,,,"InsurancePlan.coverage.benefit.type",1,1,"","ele-1:All FHIR elements must have a @value or children {hasValue() or (children().count() > id.count())}
"
"InsurancePlan.coverage.benefit.requirement","InsurancePlan.coverage.benefit.requirement","","","",0,1,"Y","","","string {[]} {[]}
","Requirements for accessing benefit","Text describing requirements such as prior authorization, referral requirements, or other access limitations","","","","","","","","","",,,,,"",,,,"InsurancePlan.coverage.benefit.requirement",0,1,"","ele-1:All FHIR elements must have a @value or children {hasValue() or (children().count() > id.count())}
"
"InsurancePlan.coverage.benefit.limit","InsurancePlan.coverage.benefit.limit","","","",0,*,"","","","BackboneElement {[]} {[]}
","Benefit limits","The specific limits on the benefit.","","","","","","","","","",,,,,"",,,,"InsurancePlan.coverage.benefit.limit",0,*,"","ele-1:All FHIR elements must have a @value or children {hasValue() or (children().count() > id.count())}
"
"InsurancePlan.coverage.benefit.limit.id","InsurancePlan.coverage.benefit.limit.id","","","",0,1,"","","","string {[]} {[]}
","Unique id for inter-element referencing","Unique id for the element within a resource (for internal references). This may be any string value that does not contain spaces.","","","","","","","","","",,,,,"",,,,"Element.id",0,1,"","","n/a"
"InsurancePlan.coverage.benefit.limit.extension","InsurancePlan.coverage.benefit.limit.extension","","extensions
user content","",0,*,"","","","Extension {[]} {[]}
","Additional content defined by implementations","May be used to represent additional information that is not part of the basic definition of the element. To make the use of extensions safe and manageable, there is a strict set of governance  applied to the definition and use of extensions. Though any implementer can define an extension, there is a set of requirements that SHALL be met as part of the definition of the extension.","There can be no stigma associated with the use of extensions by any application, project, or standard - regardless of the institution or jurisdiction that uses or defines the extensions.  The use of extensions is what allows the FHIR specification to retain a core level of simplicity for everyone.","","","","","","","","",,,,,"",,,,"Element.extension",0,*,"","ele-1:All FHIR elements must have a @value or children {hasValue() or (children().count() > id.count())}
ext-1:Must have either extensions or value[x], not both {extension.exists() != value.exists()}","n/a"
"InsurancePlan.coverage.benefit.limit.modifierExtension","InsurancePlan.coverage.benefit.limit.modifierExtension","","extensions
user contentmodifiers","",0,*,"","Y","Y","Extension {[]} {[]}
","Extensions that cannot be ignored even if unrecognized","May be used to represent additional information that is not part of the basic definition of the element and that modifies the understanding of the element in which it is contained and/or the understanding of the containing element's descendants. Usually modifier elements provide negation or qualification. To make the use of extensions safe and manageable, there is a strict set of governance applied to the definition and use of extensions. Though any implementer can define an extension, there is a set of requirements that SHALL be met as part of the definition of the extension. Applications processing a resource are required to check for modifier extensions.

Modifier extensions SHALL NOT change the meaning of any elements on Resource or DomainResource (including cannot change the meaning of modifierExtension itself).","There can be no stigma associated with the use of extensions by any application, project, or standard - regardless of the institution or jurisdiction that uses or defines the extensions.  The use of extensions is what allows the FHIR specification to retain a core level of simplicity for everyone.","Modifier extensions allow for extensions that *cannot* be safely ignored to be clearly distinguished from the vast majority of extensions which can be safely ignored.  This promotes interoperability by eliminating the need for implementers to prohibit the presence of extensions. For further information, see the [definition of modifier extensions](http://hl7.org/fhir/R4/extensibility.html#modifierExtension).","","","","","","","",,,,,"",,,,"BackboneElement.modifierExtension",0,*,"","ele-1:All FHIR elements must have a @value or children {hasValue() or (children().count() > id.count())}
ext-1:Must have either extensions or value[x], not both {extension.exists() != value.exists()}","N/A"
"InsurancePlan.coverage.benefit.limit.value","InsurancePlan.coverage.benefit.limit.value","","","",0,1,"","","","Quantity {[]} {[]}
","Maximum value allowed","The maximum amount of a service item a plan will pay for a covered benefit.  For examples. wellness visits, or eyeglasses.","May also be called “eligible expense,” “payment allowance,” or “negotiated rate.”.","","","","","","","","",,,,,"",,,,"InsurancePlan.coverage.benefit.limit.value",0,1,"","ele-1:All FHIR elements must have a @value or children {hasValue() or (children().count() > id.count())}
"
"InsurancePlan.coverage.benefit.limit.code","InsurancePlan.coverage.benefit.limit.code","","","",0,1,"","","","CodeableConcept {[]} {[]}
","Benefit limit details","The specific limit on the benefit.","Use `CodeableConcept.text` element if the data is free (uncoded) text.","","","","","","","","",,,,,"",,,,"InsurancePlan.coverage.benefit.limit.code",0,1,"","ele-1:All FHIR elements must have a @value or children {hasValue() or (children().count() > id.count())}
"
"InsurancePlan.plan","InsurancePlan.plan","","","",1,*,"Y","","","BackboneElement {[]} {[]}
","Health insurance plan details","Specific plan offerings with detailed cost-sharing information for each of the 30 SBC benefit categories","","","","","","","","","",,,,,"",,,,"InsurancePlan.plan",0,*,"","ele-1:All FHIR elements must have a @value or children {hasValue() or (children().count() > id.count())}
"
"InsurancePlan.plan.id","InsurancePlan.plan.id","","","",0,1,"","","","string {[]} {[]}
","Unique id for inter-element referencing","Unique id for the element within a resource (for internal references). This may be any string value that does not contain spaces.","","","","","","","","","",,,,,"",,,,"Element.id",0,1,"","","n/a"
"InsurancePlan.plan.extension","InsurancePlan.plan.extension","","extensions
user content","",0,*,"","","","Extension {[]} {[]}
","Additional content defined by implementations","May be used to represent additional information that is not part of the basic definition of the element. To make the use of extensions safe and manageable, there is a strict set of governance  applied to the definition and use of extensions. Though any implementer can define an extension, there is a set of requirements that SHALL be met as part of the definition of the extension.","There can be no stigma associated with the use of extensions by any application, project, or standard - regardless of the institution or jurisdiction that uses or defines the extensions.  The use of extensions is what allows the FHIR specification to retain a core level of simplicity for everyone.","","","","","","","","",,,,,"",,,,"Element.extension",0,*,"","ele-1:All FHIR elements must have a @value or children {hasValue() or (children().count() > id.count())}
ext-1:Must have either extensions or value[x], not both {extension.exists() != value.exists()}","n/a"
"InsurancePlan.plan.modifierExtension","InsurancePlan.plan.modifierExtension","","extensions
user contentmodifiers","",0,*,"","Y","Y","Extension {[]} {[]}
","Extensions that cannot be ignored even if unrecognized","May be used to represent additional information that is not part of the basic definition of the element and that modifies the understanding of the element in which it is contained and/or the understanding of the containing element's descendants. Usually modifier elements provide negation or qualification. To make the use of extensions safe and manageable, there is a strict set of governance applied to the definition and use of extensions. Though any implementer can define an extension, there is a set of requirements that SHALL be met as part of the definition of the extension. Applications processing a resource are required to check for modifier extensions.

Modifier extensions SHALL NOT change the meaning of any elements on Resource or DomainResource (including cannot change the meaning of modifierExtension itself).","There can be no stigma associated with the use of extensions by any application, project, or standard - regardless of the institution or jurisdiction that uses or defines the extensions.  The use of extensions is what allows the FHIR specification to retain a core level of simplicity for everyone.","Modifier extensions allow for extensions that *cannot* be safely ignored to be clearly distinguished from the vast majority of extensions which can be safely ignored.  This promotes interoperability by eliminating the need for implementers to prohibit the presence of extensions. For further information, see the [definition of modifier extensions](http://hl7.org/fhir/R4/extensibility.html#modifierExtension).","","","","","","","",,,,,"",,,,"BackboneElement.modifierExtension",0,*,"","ele-1:All FHIR elements must have a @value or children {hasValue() or (children().count() > id.count())}
ext-1:Must have either extensions or value[x], not both {extension.exists() != value.exists()}","N/A"
"InsurancePlan.plan.identifier","InsurancePlan.plan.identifier","","","",0,*,"","","Y","Identifier {[]} {[]}
","Business Identifier for Product","Business identifiers assigned to this health insurance plan which remain constant as the resource is updated and propagates from server to server.","","","","","","","","","",,,,,"",,,,"InsurancePlan.plan.identifier",0,*,"","ele-1:All FHIR elements must have a @value or children {hasValue() or (children().count() > id.count())}
","FiveWs.identifier",".scopes[Role](classCode=IDENT)"
"InsurancePlan.plan.type","InsurancePlan.plan.type","","","",0,1,"Y","","","CodeableConcept {[]} {[]}
","Plan type (HMO, PPO, POS, EPO, etc.)","The type of health insurance plan as displayed in the SBC header (e.g., HMO, PPO, POS, EPO, HDHP, Indemnity)","","","","","","","","","",,"extensible","","http://flexpa.com/fhir/sbc/ValueSet/sbc-plan-type","",,,,"InsurancePlan.plan.type",0,1,"","ele-1:All FHIR elements must have a @value or children {hasValue() or (children().count() > id.count())}
"
"InsurancePlan.plan.coverageArea","InsurancePlan.plan.coverageArea","","","",0,*,"Y","","Y","Reference {[]} {[CanonicalType[http://hl7.org/fhir/StructureDefinition/Location|4.0.1]]}
","Geographic coverage area","The geographic region in which a health insurance plan's benefits apply.","","","","","","","","","",,,,,"",,,,"InsurancePlan.plan.coverageArea",0,*,"","ele-1:All FHIR elements must have a @value or children {hasValue() or (children().count() > id.count())}
"
"InsurancePlan.plan.network","InsurancePlan.plan.network","","","",0,*,"Y","","","Reference {[]} {[CanonicalType[http://hl7.org/fhir/StructureDefinition/Organization|4.0.1]]}
","Provider networks for this plan","Reference to the network that providing the type of coverage.","Networks are represented as a hierarchy of organization resources.","","","","","","","","",,,,,"",,,,"InsurancePlan.plan.network",0,*,"","ele-1:All FHIR elements must have a @value or children {hasValue() or (children().count() > id.count())}
"
"InsurancePlan.plan.generalCost","InsurancePlan.plan.generalCost","","","",0,*,"Y","","","BackboneElement {[]} {[]}
","Overall plan costs","Plan-level costs such as overall deductibles and out-of-pocket maximums that apply across benefit categories","","","","","","","","","",,,,,"",,,,"InsurancePlan.plan.generalCost",0,*,"","ele-1:All FHIR elements must have a @value or children {hasValue() or (children().count() > id.count())}
"
"InsurancePlan.plan.generalCost.id","InsurancePlan.plan.generalCost.id","","","",0,1,"","","","string {[]} {[]}
","Unique id for inter-element referencing","Unique id for the element within a resource (for internal references). This may be any string value that does not contain spaces.","","","","","","","","","",,,,,"",,,,"Element.id",0,1,"","","n/a"
"InsurancePlan.plan.generalCost.extension","InsurancePlan.plan.generalCost.extension","","extensions
user content","",0,*,"","","","Extension {[]} {[]}
","Additional content defined by implementations","May be used to represent additional information that is not part of the basic definition of the element. To make the use of extensions safe and manageable, there is a strict set of governance  applied to the definition and use of extensions. Though any implementer can define an extension, there is a set of requirements that SHALL be met as part of the definition of the extension.","There can be no stigma associated with the use of extensions by any application, project, or standard - regardless of the institution or jurisdiction that uses or defines the extensions.  The use of extensions is what allows the FHIR specification to retain a core level of simplicity for everyone.","","","","","","","","",,,,,"",,,,"Element.extension",0,*,"","ele-1:All FHIR elements must have a @value or children {hasValue() or (children().count() > id.count())}
ext-1:Must have either extensions or value[x], not both {extension.exists() != value.exists()}","n/a"
"InsurancePlan.plan.generalCost.modifierExtension","InsurancePlan.plan.generalCost.modifierExtension","","extensions
user contentmodifiers","",0,*,"","Y","Y","Extension {[]} {[]}
","Extensions that cannot be ignored even if unrecognized","May be used to represent additional information that is not part of the basic definition of the element and that modifies the understanding of the element in which it is contained and/or the understanding of the containing element's descendants. Usually modifier elements provide negation or qualification. To make the use of extensions safe and manageable, there is a strict set of governance applied to the definition and use of extensions. Though any implementer can define an extension, there is a set of requirements that SHALL be met as part of the definition of the extension. Applications processing a resource are required to check for modifier extensions.

Modifier extensions SHALL NOT change the meaning of any elements on Resource or DomainResource (including cannot change the meaning of modifierExtension itself).","There can be no stigma associated with the use of extensions by any application, project, or standard - regardless of the institution or jurisdiction that uses or defines the extensions.  The use of extensions is what allows the FHIR specification to retain a core level of simplicity for everyone.","Modifier extensions allow for extensions that *cannot* be safely ignored to be clearly distinguished from the vast majority of extensions which can be safely ignored.  This promotes interoperability by eliminating the need for implementers to prohibit the presence of extensions. For further information, see the [definition of modifier extensions](http://hl7.org/fhir/R4/extensibility.html#modifierExtension).","","","","","","","",,,,,"",,,,"BackboneElement.modifierExtension",0,*,"","ele-1:All FHIR elements must have a @value or children {hasValue() or (children().count() > id.count())}
ext-1:Must have either extensions or value[x], not both {extension.exists() != value.exists()}","N/A"
"InsurancePlan.plan.generalCost.type","InsurancePlan.plan.generalCost.type","","","",0,1,"Y","","","CodeableConcept {[]} {[]}
","Type of cost (deductible, out-of-pocket max)","Type of cost.","","","","","","","","","",,,,,"",,,,"InsurancePlan.plan.generalCost.type",0,1,"","ele-1:All FHIR elements must have a @value or children {hasValue() or (children().count() > id.count())}
"
"InsurancePlan.plan.generalCost.groupSize","InsurancePlan.plan.generalCost.groupSize","","","",0,1,"","","","positiveInt {[]} {[]}
","Number of enrollees","Number of participants enrolled in the plan.","","","","","","","","","",,,,,"",,,,"InsurancePlan.plan.generalCost.groupSize",0,1,"","ele-1:All FHIR elements must have a @value or children {hasValue() or (children().count() > id.count())}
"
"InsurancePlan.plan.generalCost.cost","InsurancePlan.plan.generalCost.cost","","","",0,1,"Y","","","Money {[]} {[]}
","Cost amount","Value of the cost.","","","","","","","","","",,,,,"",,,,"InsurancePlan.plan.generalCost.cost",0,1,"","ele-1:All FHIR elements must have a @value or children {hasValue() or (children().count() > id.count())}
"
"InsurancePlan.plan.generalCost.comment","InsurancePlan.plan.generalCost.comment","","","",0,1,"Y","","","string {[]} {[]}
","Additional cost information","Additional information about the general costs associated with this plan.","","","","","","","","","",,,,,"",,,,"InsurancePlan.plan.generalCost.comment",0,1,"","ele-1:All FHIR elements must have a @value or children {hasValue() or (children().count() > id.count())}
"
"InsurancePlan.plan.specificCost","InsurancePlan.plan.specificCost","","","",1,*,"Y","","","BackboneElement {[]} {[]}
","Cost-sharing by benefit category","Cost-sharing information (copays, coinsurance, deductibles) for each of the 30 SBC benefit categories, with separate amounts for in-network and out-of-network services","","","","","","","","","",,,,,"",,,,"InsurancePlan.plan.specificCost",0,*,"","ele-1:All FHIR elements must have a @value or children {hasValue() or (children().count() > id.count())}
"
"InsurancePlan.plan.specificCost.id","InsurancePlan.plan.specificCost.id","","","",0,1,"","","","string {[]} {[]}
","Unique id for inter-element referencing","Unique id for the element within a resource (for internal references). This may be any string value that does not contain spaces.","","","","","","","","","",,,,,"",,,,"Element.id",0,1,"","","n/a"
"InsurancePlan.plan.specificCost.extension","InsurancePlan.plan.specificCost.extension","","extensions
user content","",0,*,"","","","Extension {[]} {[]}
","Additional content defined by implementations","May be used to represent additional information that is not part of the basic definition of the element. To make the use of extensions safe and manageable, there is a strict set of governance  applied to the definition and use of extensions. Though any implementer can define an extension, there is a set of requirements that SHALL be met as part of the definition of the extension.","There can be no stigma associated with the use of extensions by any application, project, or standard - regardless of the institution or jurisdiction that uses or defines the extensions.  The use of extensions is what allows the FHIR specification to retain a core level of simplicity for everyone.","","","","","","","","",,,,,"",,,,"Element.extension",0,*,"","ele-1:All FHIR elements must have a @value or children {hasValue() or (children().count() > id.count())}
ext-1:Must have either extensions or value[x], not both {extension.exists() != value.exists()}","n/a"
"InsurancePlan.plan.specificCost.modifierExtension","InsurancePlan.plan.specificCost.modifierExtension","","extensions
user contentmodifiers","",0,*,"","Y","Y","Extension {[]} {[]}
","Extensions that cannot be ignored even if unrecognized","May be used to represent additional information that is not part of the basic definition of the element and that modifies the understanding of the element in which it is contained and/or the understanding of the containing element's descendants. Usually modifier elements provide negation or qualification. To make the use of extensions safe and manageable, there is a strict set of governance applied to the definition and use of extensions. Though any implementer can define an extension, there is a set of requirements that SHALL be met as part of the definition of the extension. Applications processing a resource are required to check for modifier extensions.

Modifier extensions SHALL NOT change the meaning of any elements on Resource or DomainResource (including cannot change the meaning of modifierExtension itself).","There can be no stigma associated with the use of extensions by any application, project, or standard - regardless of the institution or jurisdiction that uses or defines the extensions.  The use of extensions is what allows the FHIR specification to retain a core level of simplicity for everyone.","Modifier extensions allow for extensions that *cannot* be safely ignored to be clearly distinguished from the vast majority of extensions which can be safely ignored.  This promotes interoperability by eliminating the need for implementers to prohibit the presence of extensions. For further information, see the [definition of modifier extensions](http://hl7.org/fhir/R4/extensibility.html#modifierExtension).","","","","","","","",,,,,"",,,,"BackboneElement.modifierExtension",0,*,"","ele-1:All FHIR elements must have a @value or children {hasValue() or (children().count() > id.count())}
ext-1:Must have either extensions or value[x], not both {extension.exists() != value.exists()}","N/A"
"InsurancePlan.plan.specificCost.category","InsurancePlan.plan.specificCost.category","","","",1,1,"Y","","","CodeableConcept {[]} {[]}
","Benefit category code","The specific SBC benefit category to which these costs apply","","","","","","","","","",,"required","","http://flexpa.com/fhir/sbc/ValueSet/sbc-benefit-category","",,,,"InsurancePlan.plan.specificCost.category",1,1,"","ele-1:All FHIR elements must have a @value or children {hasValue() or (children().count() > id.count())}
"
"InsurancePlan.plan.specificCost.benefit","InsurancePlan.plan.specificCost.benefit","","","",1,*,"Y","","","BackboneElement {[]} {[]}
","Specific benefit with costs","List of the specific benefits under this category of benefit.","","","","","","","","","",,,,,"",,,,"InsurancePlan.plan.specificCost.benefit",0,*,"","ele-1:All FHIR elements must have a @value or children {hasValue() or (children().count() > id.count())}
"
"InsurancePlan.plan.specificCost.benefit.id","InsurancePlan.plan.specificCost.benefit.id","","","",0,1,"","","","string {[]} {[]}
","Unique id for inter-element referencing","Unique id for the element within a resource (for internal references). This may be any string value that does not contain spaces.","","","","","","","","","",,,,,"",,,,"Element.id",0,1,"","","n/a"
"InsurancePlan.plan.specificCost.benefit.extension","InsurancePlan.plan.specificCost.benefit.extension","","","",0,*,"","","","Extension {[]} {[]}
","Extension","An Extension","","","","","","","","","",,,,,"","value:url}
","",,"open","Element.extension",0,*,"","ele-1:All FHIR elements must have a @value or children {hasValue() or (children().count() > id.count())}
ext-1:Must have either extensions or value[x], not both {extension.exists() != value.exists()}"
"InsurancePlan.plan.specificCost.benefit.extension:limitation","InsurancePlan.plan.specificCost.benefit.extension","limitation","","",0,*,"Y","","","Extension {[CanonicalType[http://flexpa.com/fhir/sbc/StructureDefinition/benefit-limitation]]} {[]}
","Benefit-specific limitations","Extension for documenting limitations and exceptions that apply to specific benefits in the SBC","","","","","","","","","",,,,,"",,,,"Element.extension",0,*,"ele-1
","ele-1:All FHIR elements must have a @value or children {hasValue() or (children().count() > id.count())}
ext-1:Must have either extensions or value[x], not both {extension.exists() != value.exists()}"
"InsurancePlan.plan.specificCost.benefit.modifierExtension","InsurancePlan.plan.specificCost.benefit.modifierExtension","","extensions
user contentmodifiers","",0,*,"","Y","Y","Extension {[]} {[]}
","Extensions that cannot be ignored even if unrecognized","May be used to represent additional information that is not part of the basic definition of the element and that modifies the understanding of the element in which it is contained and/or the understanding of the containing element's descendants. Usually modifier elements provide negation or qualification. To make the use of extensions safe and manageable, there is a strict set of governance applied to the definition and use of extensions. Though any implementer can define an extension, there is a set of requirements that SHALL be met as part of the definition of the extension. Applications processing a resource are required to check for modifier extensions.

Modifier extensions SHALL NOT change the meaning of any elements on Resource or DomainResource (including cannot change the meaning of modifierExtension itself).","There can be no stigma associated with the use of extensions by any application, project, or standard - regardless of the institution or jurisdiction that uses or defines the extensions.  The use of extensions is what allows the FHIR specification to retain a core level of simplicity for everyone.","Modifier extensions allow for extensions that *cannot* be safely ignored to be clearly distinguished from the vast majority of extensions which can be safely ignored.  This promotes interoperability by eliminating the need for implementers to prohibit the presence of extensions. For further information, see the [definition of modifier extensions](http://hl7.org/fhir/R4/extensibility.html#modifierExtension).","","","","","","","",,,,,"",,,,"BackboneElement.modifierExtension",0,*,"","ele-1:All FHIR elements must have a @value or children {hasValue() or (children().count() > id.count())}
ext-1:Must have either extensions or value[x], not both {extension.exists() != value.exists()}","N/A"
"InsurancePlan.plan.specificCost.benefit.type","InsurancePlan.plan.specificCost.benefit.type","","","",1,1,"Y","","","CodeableConcept {[]} {[]}
","Benefit type code","Type of specific benefit (preventative; primary care office visit; speciality office visit; hospitalization; emergency room; urgent care).","","","","","","","","","",,"required","","http://flexpa.com/fhir/sbc/ValueSet/sbc-benefit-category","",,,,"InsurancePlan.plan.specificCost.benefit.type",1,1,"","ele-1:All FHIR elements must have a @value or children {hasValue() or (children().count() > id.count())}
"
"InsurancePlan.plan.specificCost.benefit.cost","InsurancePlan.plan.specificCost.benefit.cost","","","",2,*,"Y","","","BackboneElement {[]} {[]}
","Cost-sharing amounts","Cost-sharing information including copays, coinsurance, and deductibles. Must include separate entries for in-network and out-of-network services where applicable","","","","","","","","","",,,,,"",,,,"InsurancePlan.plan.specificCost.benefit.cost",0,*,"","ele-1:All FHIR elements must have a @value or children {hasValue() or (children().count() > id.count())}
"
"InsurancePlan.plan.specificCost.benefit.cost.id","InsurancePlan.plan.specificCost.benefit.cost.id","","","",0,1,"","","","string {[]} {[]}
","Unique id for inter-element referencing","Unique id for the element within a resource (for internal references). This may be any string value that does not contain spaces.","","","","","","","","","",,,,,"",,,,"Element.id",0,1,"","","n/a"
"InsurancePlan.plan.specificCost.benefit.cost.extension","InsurancePlan.plan.specificCost.benefit.cost.extension","","extensions
user content","",0,*,"","","","Extension {[]} {[]}
","Additional content defined by implementations","May be used to represent additional information that is not part of the basic definition of the element. To make the use of extensions safe and manageable, there is a strict set of governance  applied to the definition and use of extensions. Though any implementer can define an extension, there is a set of requirements that SHALL be met as part of the definition of the extension.","There can be no stigma associated with the use of extensions by any application, project, or standard - regardless of the institution or jurisdiction that uses or defines the extensions.  The use of extensions is what allows the FHIR specification to retain a core level of simplicity for everyone.","","","","","","","","",,,,,"",,,,"Element.extension",0,*,"","ele-1:All FHIR elements must have a @value or children {hasValue() or (children().count() > id.count())}
ext-1:Must have either extensions or value[x], not both {extension.exists() != value.exists()}","n/a"
"InsurancePlan.plan.specificCost.benefit.cost.modifierExtension","InsurancePlan.plan.specificCost.benefit.cost.modifierExtension","","extensions
user contentmodifiers","",0,*,"","Y","Y","Extension {[]} {[]}
","Extensions that cannot be ignored even if unrecognized","May be used to represent additional information that is not part of the basic definition of the element and that modifies the understanding of the element in which it is contained and/or the understanding of the containing element's descendants. Usually modifier elements provide negation or qualification. To make the use of extensions safe and manageable, there is a strict set of governance applied to the definition and use of extensions. Though any implementer can define an extension, there is a set of requirements that SHALL be met as part of the definition of the extension. Applications processing a resource are required to check for modifier extensions.

Modifier extensions SHALL NOT change the meaning of any elements on Resource or DomainResource (including cannot change the meaning of modifierExtension itself).","There can be no stigma associated with the use of extensions by any application, project, or standard - regardless of the institution or jurisdiction that uses or defines the extensions.  The use of extensions is what allows the FHIR specification to retain a core level of simplicity for everyone.","Modifier extensions allow for extensions that *cannot* be safely ignored to be clearly distinguished from the vast majority of extensions which can be safely ignored.  This promotes interoperability by eliminating the need for implementers to prohibit the presence of extensions. For further information, see the [definition of modifier extensions](http://hl7.org/fhir/R4/extensibility.html#modifierExtension).","","","","","","","",,,,,"",,,,"BackboneElement.modifierExtension",0,*,"","ele-1:All FHIR elements must have a @value or children {hasValue() or (children().count() > id.count())}
ext-1:Must have either extensions or value[x], not both {extension.exists() != value.exists()}","N/A"
"InsurancePlan.plan.specificCost.benefit.cost.type","InsurancePlan.plan.specificCost.benefit.cost.type","","","",1,1,"Y","","","CodeableConcept {[]} {[]}
","Type of cost (copay, coinsurance, deductible)","The type of cost-sharing: copayment (fixed dollar amount), coinsurance (percentage), or deductible","","","","","","","","","",,,,,"",,,,"InsurancePlan.plan.specificCost.benefit.cost.type",1,1,"","ele-1:All FHIR elements must have a @value or children {hasValue() or (children().count() > id.count())}
"
"InsurancePlan.plan.specificCost.benefit.cost.applicability","InsurancePlan.plan.specificCost.benefit.cost.applicability","","","",1,1,"Y","","","CodeableConcept {[]} {[]}
","Network applicability (in-network, out-of-network)","Whether this cost applies to in-network services, out-of-network services, or other scenarios","","","","","","","","","",,"required","Whether the cost applies to in-network or out-of-network providers.","http://hl7.org/fhir/ValueSet/insuranceplan-applicability|4.0.1","",,,,"InsurancePlan.plan.specificCost.benefit.cost.applicability",0,1,"","ele-1:All FHIR elements must have a @value or children {hasValue() or (children().count() > id.count())}
"
"InsurancePlan.plan.specificCost.benefit.cost.qualifiers","InsurancePlan.plan.specificCost.benefit.cost.qualifiers","","","",0,*,"","","","CodeableConcept {[]} {[]}
","Additional information about the cost","Additional information about the cost, such as information about funding sources (e.g. HSA, HRA, FSA, RRA).","","","","","","","","","",,,,,"",,,,"InsurancePlan.plan.specificCost.benefit.cost.qualifiers",0,*,"","ele-1:All FHIR elements must have a @value or children {hasValue() or (children().count() > id.count())}
"
"InsurancePlan.plan.specificCost.benefit.cost.value","InsurancePlan.plan.specificCost.benefit.cost.value","","","",1,1,"Y","","","Quantity {[]} {[]}
","Cost amount","The actual cost-sharing amount (dollar amount for copay, percentage for coinsurance)","","","","","","","","","",,,,,"",,,,"InsurancePlan.plan.specificCost.benefit.cost.value",0,1,"","ele-1:All FHIR elements must have a @value or children {hasValue() or (children().count() > id.count())}
"
